Feature,Importance
median,3.413118362426758
std,0.7470777034759521
min,0.6181791424751282
non_zero_per_row,0.4517897367477417
max,0.44945424795150757
range,0.4031631648540497
mean,0.33302682638168335
