Feature,Importance
median,0.8000804781913757
mean,0.4883275032043457
min,0.4694197475910187
std,0.302518755197525
max,0.28113099932670593
non_zero_per_row,0.2490328997373581
range,0.23031823337078094
