alpha,colsample_bytree,gamma,lambda,learning_rate,max_depth,min_child_weight,n_estimators,subsample
0.01689752172579251,0.511632091158064,0.5434576018353371,0.0033649021036872605,0.19288244245528813,4,33,1326,0.6292481111175997
