Feature,Importance
mean,3.466005325317383
median,1.8285117149353027
min,1.8041435480117798
range,1.4602657556533813
std,1.3001296520233154
non_zero_per_row,1.2967722415924072
max,0.9053411483764648
